time,servo_deg,door_deg,torque,speed,direction,calibrated,detecting
1783691023.6576972,0.0,0.0,71.15951506672728,40.0,0,0,0
1783691023.7075262,0.0,0.0,71.15951506672728,40.0,0,0,0
1783691023.7575285,0.0,0.0,71.15951506672728,40.0,0,0,0
1783691023.8076017,0.0,0.0,71.15951506672728,40.0,0,0,0
1783691023.8577015,0.0,0.0,71.15951506672728,40.0,0,0,0
1783691023.9076595,0.0,0.0,71.15951506672728,40.0,0,0,0
1783691023.9576595,0.0,0.0,71.15951506672728,40.0,0,0,0
1783691024.0076528,0.0,0.0,71.15951506672728,40.0,0,0,0
1783691024.0576196,0.0,0.0,71.15951506672728,40.0,0,0,0
1783691024.1075573,0.0,0.0,71.15951506672728,40.0,0,0,0
1783691024.1574144,0.0,0.0,71.15951506672728,40.0,0,0,0
1783691024.2076619,0.0,0.0,71.15951506672728,40.0,0,0,0
1783691024.2574067,0.0,0.0,71.15951506672728,40.0,0,0,0
1783691024.3080094,0.0,0.0,71.15951506672728,40.0,0,0,0
1783691024.3575675,0.0,0.0,71.15951506672728,40.0,0,0,0
1783691024.4076424,0.0,0.0,71.15951506672728,40.0,0,0,0
1783691024.4577744,0.0,0.0,71.15951506672728,40.0,0,0,0
1783691024.5075667,0.0,0.0,71.15951506672728,40.0,0,0,0
1783691024.557483,0.0,0.0,71.15951506672728,40.0,0,0,0
1783691024.6075609,0.0,0.0,71.15951506672728,40.0,0,0,0
1783691024.6576064,0.0,0.0,71.15951506672728,40.0,0,0,0
1783691024.707543,0.0,0.0,71.15951506672728,40.0,0,0,0
1783691024.7574358,0.0,0.0,71.15951506672728,40.0,0,0,0
1783691024.8074763,0.0,0.0,71.15951506672728,40.0,0,0,0
1783691024.857463,0.0,0.0,71.15951506672728,40.0,0,0,0
1783691024.9076118,0.0,0.0,71.15951506672728,40.0,0,0,0
1783691024.9574752,0.0,0.0,71.15951506672728,40.0,0,0,0
1783691025.0076106,0.0,0.0,71.15951506672728,40.0,0,0,0
1783691025.0574324,0.0,0.0,71.15951506672728,40.0,0,0,0
1783691025.1075728,0.0,0.0,71.15951506672728,40.0,0,0,0
1783691025.157621,0.0,0.0,71.15951506672728,40.0,0,0,0
1783691025.2075431,0.0,0.0,71.15951506672728,40.0,0,0,0
1783691025.2576141,0.0,0.0,71.15951506672728,40.0,0,0,0
1783691025.3075368,0.0,0.0,71.15951506672728,40.0,0,0,0
1783691025.3576498,0.0,0.0,71.15951506672728,40.0,0,0,0
1783691025.4081538,0.0,0.0,71.15951506672728,40.0,0,0,0
1783691025.4575143,0.0,0.0,71.15951506672728,40.0,0,0,0
1783691025.5075538,0.0,0.0,71.15951506672728,40.0,0,0,0
1783691025.5576608,0.0,0.0,71.15951506672728,40.0,0,0,0
1783691025.6075752,0.0,0.0,71.15951506672728,40.0,0,0,0
1783691025.6576467,0.0,0.0,71.15951506672728,40.0,0,0,0
1783691025.7074828,0.0,0.0,71.15951506672728,40.0,0,0,0
1783691025.7575138,0.0,0.0,71.15951506672728,40.0,0,0,0
1783691025.8076165,0.0,0.0,71.15951506672728,40.0,0,0,0
1783691025.8575988,0.0,0.0,71.15951506672728,40.0,0,0,0
1783691025.9074821,0.0,0.0,71.15951506672728,40.0,0,0,0
1783691025.9576058,0.0,0.0,71.15951506672728,40.0,0,0,0
1783691026.0076091,0.0,0.0,71.15951506672728,40.0,0,0,0
1783691026.0578852,0.0,0.0,71.15951506672728,40.0,0,0,0
1783691026.1074722,0.0,0.0,71.15951506672728,40.0,0,0,0
1783691026.1575725,0.0,0.0,71.15951506672728,40.0,0,0,0
1783691026.2076437,0.0,0.0,71.15951506672728,40.0,0,0,0
1783691026.257889,0.0,0.0,71.15951506672728,40.0,0,0,0
1783691026.3074155,0.0,0.0,71.15951506672728,40.0,0,0,0
1783691026.357507,0.0,0.0,71.15951506672728,40.0,0,0,0
1783691026.4076176,0.0,0.0,71.15951506672728,40.0,0,0,0
1783691026.4575849,0.0,0.0,71.15951506672728,40.0,0,0,0
1783691026.5074513,0.0,0.0,71.15951506672728,40.0,0,0,0
1783691026.5576751,0.0,0.0,71.15951506672728,40.0,0,0,0
1783691026.6075957,0.0,0.0,71.15951506672728,40.0,0,0,0
1783691026.6578765,0.0,0.0,71.15951506672728,40.0,0,0,0
1783691026.7075133,0.0,0.0,71.15951506672728,40.0,0,0,0
1783691026.7574685,0.0,0.0,71.15951506672728,40.0,0,0,0
1783691026.8077917,0.0,0.0,71.15951506672728,40.0,0,0,0
1783691026.8577685,0.0,0.0,71.15951506672728,40.0,0,0,0
1783691026.908108,0.0,0.0,71.15951506672728,40.0,0,0,0
1783691026.9577622,0.0,0.0,71.15951506672728,40.0,0,0,0
1783691027.0075457,0.0,0.0,71.15951506672728,40.0,0,0,0
1783691027.057969,0.0,0.0,71.15951506672728,40.0,0,0,0
1783691027.1079185,0.0,0.0,71.15951506672728,40.0,0,0,0
1783691027.1574905,0.0,0.0,71.15951506672728,40.0,0,0,0
1783691027.2075753,0.0,0.0,71.15951506672728,40.0,0,0,0
1783691027.257568,0.0,0.0,71.15951506672728,40.0,0,0,0
1783691027.3076067,0.0,0.0,71.15951506672728,40.0,0,0,0
1783691027.357596,0.0,0.0,71.15951506672728,40.0,0,0,0
1783691027.4075665,0.0,0.0,71.15951506672728,40.0,0,0,0
1783691027.4576087,0.0,0.0,71.15951506672728,40.0,0,0,0
1783691027.5075371,0.0,0.0,71.15951506672728,40.0,0,0,0
1783691027.5576499,0.0,0.0,71.15951506672728,40.0,0,0,0
1783691027.6075213,0.0,0.0,71.15951506672728,40.0,0,0,0
1783691027.6574779,0.0,0.0,71.15951506672728,40.0,0,0,0
1783691027.7074566,0.0,0.0,71.15951506672728,40.0,0,0,0
1783691027.7580554,0.0,0.0,71.15951506672728,40.0,0,0,0
1783691027.8075945,0.0,0.0,71.15951506672728,40.0,0,0,0
1783691027.8575418,0.0,0.0,71.15951506672728,40.0,0,0,0
1783691027.9074817,0.0,0.0,71.15951506672728,40.0,0,0,0
1783691027.957479,0.0,0.0,71.15951506672728,40.0,0,0,0
1783691028.0075681,0.0,0.0,71.15951506672728,40.0,0,0,0
1783691028.05757,0.0,0.0,71.15951506672728,40.0,0,0,0
1783691028.107784,0.0,0.0,71.15951506672728,40.0,0,0,0
1783691028.1577277,0.0,0.0,71.15951506672728,40.0,0,0,0
1783691028.2076626,0.0,0.0,71.15951506672728,40.0,0,0,0
1783691028.2577782,0.0,0.0,71.15951506672728,40.0,0,0,0
1783691028.3075132,0.0,0.0,71.15951506672728,40.0,0,0,0
1783691028.3576584,0.0,0.0,71.15951506672728,40.0,0,0,0
1783691028.4075463,0.0,0.0,71.15951506672728,40.0,0,0,0
1783691028.4576662,0.0,0.0,71.15951506672728,40.0,0,0,0
1783691028.507539,0.0,0.0,71.15951506672728,40.0,0,0,0
1783691028.5575752,0.0,0.0,71.15951506672728,40.0,0,0,0
1783691028.607856,0.0,0.0,71.15951506672728,40.0,0,0,0
1783691028.6575553,0.0,0.0,71.15951506672728,40.0,0,0,0
1783691028.7077065,0.0,0.0,71.15951506672728,40.0,0,0,0
1783691028.7574856,0.0,0.0,71.15951506672728,40.0,0,0,0
1783691028.8076565,0.0,0.0,71.15951506672728,40.0,0,0,0
1783691028.8576486,0.0,0.0,71.15951506672728,40.0,0,0,0
1783691028.907602,0.0,0.0,71.15951506672728,40.0,0,0,0
1783691028.957596,0.0,0.0,71.15951506672728,40.0,0,0,0
1783691029.0076258,0.0,0.0,71.15951506672728,40.0,0,0,0
1783691029.0576007,0.0,0.0,71.15951506672728,40.0,0,0,0
1783691029.1087914,0.0,0.0,71.15951506672728,40.0,0,0,0
1783691029.15757,0.0,0.0,71.15951506672728,40.0,0,0,0
1783691029.2075267,0.0,0.0,71.15951506672728,40.0,0,0,0
1783691029.257638,0.0,0.0,71.15951506672728,40.0,0,0,0
1783691029.3074713,0.0,0.0,71.15951506672728,40.0,0,0,0
1783691029.3576407,0.0,0.0,71.15951506672728,40.0,0,0,0
1783691029.4075022,0.0,0.0,71.15951506672728,40.0,0,0,0
1783691029.457608,0.0,0.0,71.15951506672728,40.0,0,0,0
1783691029.507696,0.0,0.0,71.15951506672728,40.0,0,0,0
1783691029.5575595,0.0,0.0,71.15951506672728,40.0,0,0,0
1783691029.607564,0.0,0.0,71.15951506672728,40.0,0,0,0
1783691029.657615,0.0,0.0,71.15951506672728,40.0,0,0,0
1783691029.7075338,0.0,0.0,71.15951506672728,40.0,0,0,0
1783691029.757567,0.0,0.0,71.15951506672728,40.0,0,0,0
1783691029.8074672,0.0,0.0,71.15951506672728,40.0,0,0,0
1783691029.8575068,-2.00110784,-0.75041544,74.91159226672728,40.0,-1,0,0
1783691029.9074972,-4.0001092400000005,-1.5000409650000002,78.65971989172728,40.0,-1,0,0
1783691029.9574466,-5.9993872,-2.2497702,100.48167321334546,40.0,-1,0,0
1783691030.0074642,-7.99923508,-2.9997131550000002,101.23161616834545,40.0,-1,0,0
1783691030.0575511,-10.00034852,-3.7501306949999997,101.98203370834545,40.0,-1,0,0
1783691030.1079705,-12.01255016,-4.5047063099999995,102.73660932334545,40.0,-1,0,0
1783691030.1575332,-13.999899,-5.249962125,103.48186513834546,40.0,-1,0,0
1783691030.2074714,-16.001294599999998,-6.000485475,104.23238848834545,40.0,-1,0,0
1783691030.2578032,-18.008026159999996,-6.753009809999998,104.98491282334545,40.0,-1,0,0
1783691030.307438,-19.999233119999996,-7.499712419999998,105.73161543334545,40.0,-1,0,0
1783691030.3575203,-21.999798999999996,-8.249924624999998,106.48182763834545,40.0,-1,0,0
1783691030.4074752,-24.000040799999997,-9.0000153,107.23191831334546,40.0,-1,0,0
1783691030.4574497,-25.99919584,-9.74969844,107.98160145334546,40.0,-1,0,0
1783691030.507472,-27.99995168,-10.49998188,108.73188489334545,40.0,-1,0,0
1783691030.5578177,-30.0052724,-11.25197715,109.48388016334546,40.0,-1,0,0
1783691030.6073718,-31.998158399999998,-11.9993094,110.23121241334546,40.0,-1,0,0
1783691030.6575508,-34.001445319999995,-12.750541994999999,110.98244500834545,40.0,-1,0,0
1783691030.7076352,-36.003475079999994,-13.501303154999999,111.73320616834545,40.0,-1,0,0
1783691030.7580516,-38.01257851999999,-14.254716944999997,112.48661995834546,40.0,-1,0,0
1783691030.8074834,-39.99861151999999,-14.999479319999995,113.23138233334545,40.0,-1,0,0
1783691030.8577192,-42.00493519999999,-15.751850699999997,113.98375371334545,40.0,-1,0,0
1783691030.9073985,-43.998860439999994,-16.499572665,114.73147567834545,40.0,-1,0,0
1783691030.9575484,-41.996632319999996,-15.748737119999998,113.98064013334545,40.0,1,0,0
1783691031.007649,-39.995382,-14.998268249999999,113.23017126334545,40.0,1,0,0
1783691031.0580025,-37.988217399999996,-14.245581524999999,112.47748453834545,40.0,1,0,0
1783691031.1075227,-35.99652432,-13.49869662,111.73059963334546,40.0,1,0,0
1783691031.1576765,-33.995064479999996,-12.748149179999999,110.98005219334546,40.0,1,0,0
1783691031.2075639,-31.995987679999995,-11.998495379999998,110.23039839334545,40.0,1,0,0
1783691031.2574458,-29.997824399999995,-11.249184149999998,109.48108716334545,40.0,1,0,0
1783691031.307604,-27.994629639999996,-10.497986114999998,108.72988912834545,40.0,1,0,0
1783691031.357673,-25.994924239999996,-9.74809659,107.97999960334545,40.0,1,0,0
1783691031.4075463,-23.996146319999998,-8.99855487,107.23045788334545,40.0,1,0,0
1783691031.457796,-21.99316948,-8.247438554999999,106.47934156834546,40.0,1,0,0
1783691031.5074544,-19.99897608,-7.499616029999999,105.73151904334546,40.0,1,0,0
1783691031.557422,-17.99875104,-6.749531639999999,104.98143465334546,40.0,1,0,0
1783691031.607601,-15.995100919999999,-5.9981628449999995,104.23006585834545,40.0,1,0,0
1783691031.6580164,-13.987466959999999,-5.24530011,103.47720312334546,40.0,1,0,0
1783691031.7074575,-11.99811224,-4.49929209,102.73119510334546,40.0,1,0,0
1783691031.757656,-9.995311399999999,-3.7482417749999994,101.98014478834546,40.0,1,0,0
1783691031.8075678,-7.995329439999999,-2.9982485399999996,101.23015155334545,40.0,1,0,0
1783691031.8576,-5.9964844799999995,-2.24868168,100.48058469334545,40.0,1,0,0
1783691031.9076698,-3.994879359999999,-1.4980797599999998,78.64991386672727,40.0,1,0,0
1783691031.9577174,-3.994879359999999,-1.4980797599999998,78.64991386672727,40.0,0,0,0
1783691032.0075707,-3.994879359999999,-1.4980797599999998,78.64991386672727,40.0,0,0,0
1783691032.0574872,-3.994879359999999,-1.4980797599999998,78.64991386672727,40.0,0,0,0
1783691032.1073945,-3.994879359999999,-1.4980797599999998,78.64991386672727,40.0,0,0,0
1783691032.1575203,-3.994879359999999,-1.4980797599999998,78.64991386672727,40.0,0,0,0
1783691032.2075295,-3.994879359999999,-1.4980797599999998,78.64991386672727,40.0,0,0,0
1783691032.2575397,-3.994879359999999,-1.4980797599999998,78.64991386672727,40.0,0,0,0
1783691032.3074627,-3.994879359999999,-1.4980797599999998,78.64991386672727,40.0,0,0,0
1783691032.3574839,-3.994879359999999,-1.4980797599999998,78.64991386672727,40.0,0,0,0
1783691032.4076807,-3.994879359999999,-1.4980797599999998,78.64991386672727,40.0,0,0,0
1783691032.4576166,-3.994879359999999,-1.4980797599999998,78.64991386672727,40.0,0,0,0
1783691032.507482,-3.994879359999999,-1.4980797599999998,78.64991386672727,40.0,0,0,0
1783691032.55737,-3.994879359999999,-1.4980797599999998,78.64991386672727,40.0,0,0,0
1783691032.6074889,-3.994879359999999,-1.4980797599999998,78.64991386672727,40.0,0,0,0
1783691032.6574104,-3.994879359999999,-1.4980797599999998,78.64991386672727,40.0,0,0,0
1783691032.7074392,-3.994879359999999,-1.4980797599999998,78.64991386672727,40.0,0,0,0
1783691032.7575898,-3.994879359999999,-1.4980797599999998,78.64991386672727,40.0,0,0,0
1783691032.807683,-3.994879359999999,-1.4980797599999998,78.64991386672727,40.0,0,0,0
1783691032.8575327,-3.994879359999999,-1.4980797599999998,78.64991386672727,40.0,0,0,0
1783691032.9074423,-3.994879359999999,-1.4980797599999998,78.64991386672727,40.0,0,0,0
1783691032.9578123,-3.994879359999999,-1.4980797599999998,78.64991386672727,40.0,0,0,0
1783691033.0076792,-3.994879359999999,-1.4980797599999998,78.64991386672727,40.0,0,0,0
1783691033.057435,-3.994879359999999,-1.4980797599999998,78.64991386672727,40.0,0,0,0
1783691033.1079078,-3.994879359999999,-1.4980797599999998,78.64991386672727,40.0,0,0,0
1783691033.1576283,-3.994879359999999,-1.4980797599999998,78.64991386672727,40.0,0,0,0
1783691033.207613,-3.994879359999999,-1.4980797599999998,78.64991386672727,40.0,0,0,0
1783691033.2575133,-3.994879359999999,-1.4980797599999998,78.64991386672727,40.0,0,0,0
1783691033.3075616,-3.994879359999999,-1.4980797599999998,78.64991386672727,40.0,0,0,0
1783691033.3576248,-3.994879359999999,-1.4980797599999998,78.64991386672727,40.0,0,0,0
1783691033.4079242,-3.994879359999999,-1.4980797599999998,78.64991386672727,40.0,0,0,0
1783691033.4574268,-3.994879359999999,-1.4980797599999998,78.64991386672727,40.0,0,0,0
1783691033.5076919,-3.994879359999999,-1.4980797599999998,78.64991386672727,40.0,0,0,0
1783691033.5575507,-3.994879359999999,-1.4980797599999998,78.64991386672727,40.0,0,0,0
1783691033.6075227,-3.994879359999999,-1.4980797599999998,78.64991386672727,40.0,0,0,0
1783691033.6575732,-3.994879359999999,-1.4980797599999998,78.64991386672727,40.0,0,0,0
1783691033.7074928,-3.994879359999999,-1.4980797599999998,78.64991386672727,40.0,0,0,0
1783691033.7575874,-3.994879359999999,-1.4980797599999998,78.64991386672727,40.0,0,0,0
1783691033.8078182,-3.994879359999999,-1.4980797599999998,78.64991386672727,40.0,0,0,0
1783691033.857546,-3.994879359999999,-1.4980797599999998,78.64991386672727,40.0,0,0,0
1783691033.9075334,-3.994879359999999,-1.4980797599999998,78.64991386672727,40.0,0,0,0
1783691033.9574692,-3.994879359999999,-1.4980797599999998,78.64991386672727,40.0,0,0,0
1783691034.0074995,-3.994879359999999,-1.4980797599999998,78.64991386672727,40.0,0,0,0
1783691034.0575876,-3.994879359999999,-1.4980797599999998,78.64991386672727,40.0,0,0,0
1783691034.1074426,-3.994879359999999,-1.4980797599999998,78.64991386672727,40.0,0,0,0
1783691034.1574342,-3.994879359999999,-1.4980797599999998,78.64991386672727,40.0,0,0,0
1783691034.2074556,-1.9928914799999995,-0.7473343049999999,74.89618659172727,40.0,1,0,0
1783691034.2577648,0.014161400000000768,0.005310525000000288,71.13296244172727,40.0,1,0,0
1783691034.3076706,2.009486280000001,0.7535573550000003,67.39172829172728,40.0,1,0,0
1783691034.3575227,4.007222120000001,1.5027082950000001,63.64597359172728,40.0,1,0,0
1783691034.4076948,6.011643320000001,2.2543662450000004,59.88768384172728,40.0,1,0,0
1783691034.4576013,8.008278440000002,3.0031044150000006,56.14399299172727,40.0,1,0,0
1783691034.5074325,10.005595240000002,3.7520982150000006,52.399023991727276,40.0,1,0,0
1783691034.5574625,12.006242120000001,4.502340795,48.64781109172728,40.0,1,0,0
1783691034.6074972,14.006886240000002,5.252582340000001,44.89660336672727,40.0,1,0,0
1783691034.6574597,16.004884680000004,6.001831755000001,41.15035629172727,40.0,1,0,0
1783691034.707459,18.006330600000005,6.752373975000002,10.0,40.0,1,0,0
1783691034.7575183,20.006329360000006,7.502373510000002,10.0,40.0,1,0,0
1783691034.8074863,22.007001400000007,8.252625525000003,10.0,40.0,1,0,0
1783691034.8575394,24.007279520000008,9.002729820000003,10.0,40.0,1,0,0
1783691034.9076903,26.00959704000001,9.753598890000003,10.0,40.0,1,0,0
1783691034.9574137,28.00503088000001,10.501886580000004,10.0,40.0,1,0,0
1783691035.0075314,30.007563520000012,11.252836320000004,10.0,40.0,1,0,0
1783691035.0580409,32.01789340000001,12.006710025000004,10.0,40.0,1,0,0
1783691035.107566,34.006532960000015,12.752449860000006,10.0,40.0,1,0,0
1783691035.1574802,36.00583888000001,13.502189580000005,10.0,40.0,1,0,0
1783691035.2075522,38.00768148000002,14.252880555000006,10.0,40.0,1,0,0
1783691035.2578588,40.01275080000001,15.004781550000004,10.0,40.0,1,0,0
1783691035.3074179,42.004860160000014,15.751822560000004,10.0,40.0,1,0,0
1783691035.357757,44.01160012000001,16.504350045000002,10.0,40.0,1,0,0
1783691035.407631,46.008472720000015,17.253177270000005,10.0,40.0,1,0,0
1783691035.457642,48.00822564000001,18.003084615000006,10.0,40.0,1,0,0
1783691035.5076418,50.00881944000001,18.753307290000002,10.0,40.0,1,0,0
1783691035.5575898,52.01001672000001,19.503756270000004,10.0,40.0,1,0,0
1783691035.607401,54.00474372000001,20.251778895,10.0,40.0,1,0,0
1783691035.6574268,56.00570632000001,21.002139870000004,10.0,40.0,1,0,0
1783691035.7075953,58.00631132000001,21.752366745000003,10.0,40.0,1,0,0
1783691035.7575152,60.00611732000001,22.502293995000002,10.0,40.0,1,0,0
1783691035.8074749,62.00560480000001,23.252101800000002,10.0,40.0,1,0,0
1783691035.8575957,64.00629084,24.002359065,10.0,40.0,1,0,0
1783691035.9074132,66.00445132,24.751669245000002,10.0,40.0,1,0,0
1783691035.9574673,68.00594752,25.502230320000002,10.0,40.0,1,0,0
1783691036.0074706,70.00596024000001,26.252235090000003,10.0,40.0,1,0,0
1783691036.0575385,72.00678872,27.00254577,10.0,40.0,1,0,0
1783691036.1076887,74.00930184,27.753488190000002,10.0,40.0,1,0,0
1783691036.1574233,76.00372716000001,28.501397685000004,10.0,40.0,1,0,0
1783691036.2075748,78.00918480000001,29.253444300000005,10.0,40.0,1,0,0
1783691036.2574875,80.00611048000002,30.002291430000007,10.0,40.0,1,0,0
1783691036.3075852,82.00908176000002,30.753405660000006,10.0,40.0,1,0,0
1783691036.3575609,84.00811388000001,31.503042705000006,10.0,40.0,1,0,0
1783691036.4076538,86.00896196000001,32.253360735,41.811165276443845,40.0,1,0,0
1783691036.4574893,88.00666148,33.002498055000004,45.55685187644386,40.0,1,0,0
1783691036.5074337,90.00479404000001,33.751797765000006,49.30335042644387,40.0,1,0,0
1783691036.557424,92.00503308,34.501887405000005,53.053798626443864,40.0,1,0,0
1783691036.6077967,94.01643576000001,35.25616341,56.825178651443835,40.0,1,0,0
1783691036.6574888,96.00718732000001,36.002695245000005,60.557837826443865,40.0,1,0,0
1783691036.7078297,98.01401952000002,36.755257320000005,64.32064820144387,40.0,1,0,0
1783691036.7574704,100.00691944000002,37.50259479,68.05733555144386,40.0,1,0,0
1783691036.8074646,102.00668912000002,38.252508420000005,71.80690370144387,40.0,1,0,0
1783691036.857745,104.01166628000001,39.00437485500001,75.56623587644388,40.0,1,0,0
1783691036.9076722,106.00795780000001,39.75298417500001,79.30928247644388,40.0,1,0,0
1783691036.9574664,108.00510140000002,40.50191302500001,100.61078534528878,40.0,1,0,0
1783691037.007883,110.01418808000001,41.255320530000006,101.36419285028877,40.0,1,0,0
1783691037.0578012,112.01109980000001,42.004162425000004,102.11303474528877,40.0,1,0,0
1783691037.1079223,114.01878124000001,42.757042965000004,102.86591528528876,40.0,1,0,0
1783691037.1578221,116.01032068,43.503870255,103.61274257528876,40.0,1,0,0
1783691037.2075264,118.00795036000001,44.252981385000005,104.36185370528878,40.0,1,0,0
1783691037.2574737,120.00664168000002,45.002490630000004,105.11136295028876,40.0,1,0,0
1783691037.3078253,122.01718948000001,45.756446055000005,105.86531837528878,40.0,1,0,0
1783691037.3575165,124.00722028000001,46.502707605000005,106.61157992528877,40.0,1,0,0
1783691037.407631,126.01078104000001,47.25404289000001,107.36291521028878,40.0,1,0,0
1783691037.457503,128.00608636,48.002282385,108.11115470528877,40.0,1,0,0
1783691037.507775,130.01541892,48.755782095,108.86465441528877,40.0,1,0,0
1783691037.557444,132.00547208,49.50205203,109.61092435028877,40.0,1,0,0
1783691037.6076381,134.01044924,50.253918465000005,110.36279078528878,40.0,1,0,0
1783691037.6576593,136.01060164,51.003975615,111.11284793528877,40.0,1,0,0
1783691037.7076626,138.01236044,51.754635165,111.86350748528878,40.0,1,0,0
1783691037.7576184,138.01236044,51.754635165,111.86350748528878,40.0,0,0,0
1783691037.8075967,138.01236044,51.754635165,111.86350748528878,40.0,0,0,0
1783691037.8574896,138.01236044,51.754635165,111.86350748528878,40.0,0,0,0
1783691037.9075527,138.01236044,51.754635165,111.86350748528878,40.0,0,0,0
1783691037.9574559,138.01236044,51.754635165,111.86350748528878,40.0,0,0,0
1783691038.0078187,138.01236044,51.754635165,111.86350748528878,40.0,0,0,0
1783691038.0575855,138.01236044,51.754635165,111.86350748528878,40.0,0,0,0
1783691038.1075368,138.01236044,51.754635165,111.86350748528878,40.0,0,0,0
1783691038.157596,138.01236044,51.754635165,111.86350748528878,40.0,0,0,0
1783691038.207834,138.01236044,51.754635165,111.86350748528878,40.0,0,0,0
1783691038.2574735,138.01236044,51.754635165,111.86350748528878,40.0,0,0,0
1783691038.3074155,138.01236044,51.754635165,111.86350748528878,40.0,0,0,0
1783691038.3574195,138.01236044,51.754635165,111.86350748528878,40.0,0,0,0
1783691038.4075375,138.01236044,51.754635165,111.86350748528878,40.0,0,0,0
1783691038.4575047,138.01236044,51.754635165,111.86350748528878,40.0,0,0,0
1783691038.507526,138.01236044,51.754635165,111.86350748528878,40.0,0,0,0
1783691038.5575721,138.01236044,51.754635165,111.86350748528878,40.0,0,0,0
1783691038.60767,138.01236044,51.754635165,111.86350748528878,40.0,0,0,0
1783691038.657703,138.01236044,51.754635165,111.86350748528878,40.0,0,0,0
1783691038.707498,138.01236044,51.754635165,111.86350748528878,40.0,0,0,0
1783691038.7575967,138.01236044,51.754635165,111.86350748528878,40.0,0,0,0
1783691038.8074136,138.01236044,51.754635165,111.86350748528878,40.0,0,0,0
1783691038.8575807,138.01236044,51.754635165,111.86350748528878,40.0,0,0,0
1783691038.9074175,138.01236044,51.754635165,111.86350748528878,40.0,0,0,0
1783691038.9575498,138.01236044,51.754635165,111.86350748528878,40.0,0,0,0
1783691039.0074859,138.01236044,51.754635165,111.86350748528878,40.0,0,0,0
1783691039.0574436,138.01236044,51.754635165,111.86350748528878,40.0,0,0,0
1783691039.1074457,138.01236044,51.754635165,111.86350748528878,40.0,0,0,0
1783691039.1575603,138.01236044,51.754635165,111.86350748528878,40.0,0,0,0
1783691039.2075088,138.01236044,51.754635165,111.86350748528878,40.0,0,0,0
1783691039.2581024,138.01236044,51.754635165,111.86350748528878,40.0,0,0,0
1783691039.3075051,138.01236044,51.754635165,111.86350748528878,40.0,0,0,0
1783691039.3578024,138.01236044,51.754635165,111.86350748528878,40.0,0,0,0
1783691039.40756,138.01236044,51.754635165,111.86350748528878,40.0,0,0,0
1783691039.457916,138.01236044,51.754635165,111.86350748528878,40.0,0,0,0
1783691039.5075922,138.01236044,51.754635165,111.86350748528878,40.0,0,0,0
1783691039.5577395,138.01236044,51.754635165,111.86350748528878,40.0,0,0,0
1783691039.6076202,138.01236044,51.754635165,111.86350748528878,40.0,0,0,0
1783691039.6579413,138.01236044,51.754635165,111.86350748528878,40.0,0,0,0
1783691039.707538,138.01236044,51.754635165,111.86350748528878,40.0,0,0,0
1783691039.7576585,138.01236044,51.754635165,111.86350748528878,40.0,0,0,0
1783691039.8074603,138.01236044,51.754635165,111.86350748528878,40.0,0,0,0
1783691039.8577297,138.01236044,51.754635165,111.86350748528878,40.0,0,0,0
1783691039.9076254,138.01236044,51.754635165,111.86350748528878,40.0,0,0,0
1783691039.9575946,138.01236044,51.754635165,111.86350748528878,40.0,0,0,0
1783691040.00746,138.01236044,51.754635165,111.86350748528878,40.0,0,0,0
1783691040.0575907,138.01236044,51.754635165,111.86350748528878,40.0,0,0,0
1783691040.1075408,138.01236044,51.754635165,111.86350748528878,40.0,0,0,0
1783691040.1576357,138.01236044,51.754635165,111.86350748528878,40.0,0,0,0
1783691040.2076554,138.01236044,51.754635165,111.86350748528878,40.0,0,0,0
1783691040.2574577,138.01236044,51.754635165,111.86350748528878,40.0,0,0,0
1783691040.3075337,138.01236044,51.754635165,111.86350748528878,40.0,0,0,0
1783691040.3575194,138.01236044,51.754635165,111.86350748528878,40.0,0,0,0
1783691040.4075408,138.01236044,51.754635165,111.86350748528878,40.0,0,0,0
1783691040.457716,138.01236044,51.754635165,111.86350748528878,40.0,0,0,0
1783691040.5075676,138.01236044,51.754635165,111.86350748528878,40.0,0,0,0
1783691040.5575573,138.01236044,51.754635165,111.86350748528878,40.0,0,0,0
1783691040.607484,138.01236044,51.754635165,111.86350748528878,40.0,0,0,0
1783691040.6574755,138.01236044,51.754635165,111.86350748528878,40.0,0,0,0
1783691040.7076306,138.01236044,51.754635165,111.86350748528878,40.0,0,0,0
1783691040.7574623,138.01236044,51.754635165,111.86350748528878,40.0,0,0,0
1783691040.807465,138.01236044,51.754635165,111.86350748528878,40.0,0,0,0
1783691040.8574493,138.01236044,51.754635165,111.86350748528878,40.0,0,0,0
1783691040.9074733,138.01236044,51.754635165,111.86350748528878,40.0,0,0,0
1783691040.9574237,138.01236044,51.754635165,111.86350748528878,40.0,0,0,0
1783691041.0076203,138.01236044,51.754635165,111.86350748528878,40.0,0,0,0
1783691041.0574446,138.01236044,51.754635165,111.86350748528878,40.0,0,0,0
1783691041.107796,138.01236044,51.754635165,111.86350748528878,40.0,0,0,0
1783691041.1574552,138.01236044,51.754635165,111.86350748528878,40.0,0,0,0
1783691041.2076147,138.01236044,51.754635165,111.86350748528878,40.0,0,0,0
1783691041.257477,138.01236044,51.754635165,111.86350748528878,40.0,0,0,0
1783691041.307553,138.01236044,51.754635165,111.86350748528878,40.0,0,0,0
1783691041.3576462,138.01236044,51.754635165,111.86350748528878,40.0,0,0,0
1783691041.4080215,138.01236044,51.754635165,111.86350748528878,40.0,0,0,0
1783691041.4576497,138.01236044,51.754635165,111.86350748528878,40.0,0,0,0
1783691041.5075328,138.01236044,51.754635165,111.86350748528878,40.0,0,0,0
1783691041.5576513,138.01236044,51.754635165,111.86350748528878,40.0,0,0,0
1783691041.6074998,138.01236044,51.754635165,111.86350748528878,40.0,0,0,0
1783691041.6574912,138.01236044,51.754635165,111.86350748528878,40.0,0,0,0
1783691041.7076328,138.01236044,51.754635165,111.86350748528878,40.0,0,0,0
1783691041.7576842,138.01236044,51.754635165,111.86350748528878,40.0,0,0,0
1783691041.807487,138.01236044,51.754635165,111.86350748528878,40.0,0,0,0
1783691041.8576212,138.01236044,51.754635165,111.86350748528878,40.0,0,0,0
1783691041.9076512,138.01236044,51.754635165,111.86350748528878,40.0,0,0,0
1783691041.9575691,138.01236044,51.754635165,111.86350748528878,40.0,0,0,0
1783691042.0075088,138.01236044,51.754635165,111.86350748528878,40.0,0,0,0
1783691042.0574543,138.01236044,51.754635165,111.86350748528878,40.0,0,0,0
1783691042.1074562,138.01236044,51.754635165,111.86350748528878,40.0,0,0,0
1783691042.1575158,138.01236044,51.754635165,111.86350748528878,40.0,0,0,0
1783691042.2075002,138.01236044,51.754635165,111.86350748528878,40.0,0,0,0
1783691042.2574217,138.01236044,51.754635165,111.86350748528878,40.0,0,0,0
1783691042.3075554,138.01236044,51.754635165,111.86350748528878,40.0,0,0,0
1783691042.3575935,138.01236044,51.754635165,111.86350748528878,40.0,0,0,0
1783691042.4076254,138.01236044,51.754635165,111.86350748528878,40.0,0,0,0
1783691042.4576492,138.01236044,51.754635165,111.86350748528878,40.0,0,0,0
1783691042.5074298,138.01236044,51.754635165,111.86350748528878,40.0,0,0,0
1783691042.5576127,138.01236044,51.754635165,111.86350748528878,40.0,0,0,0
1783691042.6080396,138.01236044,51.754635165,111.86350748528878,40.0,0,0,0
1783691042.6576242,138.01236044,51.754635165,111.86350748528878,40.0,0,0,0
1783691042.7076197,138.01236044,51.754635165,111.86350748528878,40.0,0,0,0
1783691042.7576814,138.01236044,51.754635165,111.86350748528878,40.0,0,0,0
1783691042.8076868,138.01236044,51.754635165,111.86350748528878,40.0,0,0,0
1783691042.85752,138.01236044,51.754635165,111.86350748528878,40.0,0,0,0
1783691042.9075856,138.01236044,51.754635165,111.86350748528878,40.0,0,0,0
1783691042.9575675,138.01236044,51.754635165,111.86350748528878,40.0,0,0,0
1783691043.0074654,138.01236044,51.754635165,111.86350748528878,40.0,0,0,0
1783691043.0577383,138.01236044,51.754635165,111.86350748528878,40.0,0,0,0
1783691043.1076088,138.01236044,51.754635165,111.86350748528878,40.0,0,0,0
1783691043.157581,138.01236044,51.754635165,111.86350748528878,40.0,0,0,0
1783691043.2074726,138.01236044,51.754635165,111.86350748528878,40.0,0,0,0
1783691043.2575727,138.01236044,51.754635165,111.86350748528878,40.0,0,0,0
1783691043.3074517,138.01236044,51.754635165,111.86350748528878,40.0,0,0,0
1783691043.3574207,138.01236044,51.754635165,111.86350748528878,40.0,0,0,0
1783691043.4074802,138.01236044,51.754635165,111.86350748528878,40.0,0,0,0
1783691043.4579134,138.01236044,51.754635165,111.86350748528878,40.0,0,0,0
1783691043.5075262,138.01236044,51.754635165,111.86350748528878,40.0,0,0,0
1783691043.557726,138.01236044,51.754635165,111.86350748528878,40.0,0,0,0
1783691043.6075914,138.01236044,51.754635165,111.86350748528878,40.0,0,0,0
1783691043.658144,138.01236044,51.754635165,111.86350748528878,40.0,0,0,0
1783691043.7074,138.01236044,51.754635165,111.86350748528878,40.0,0,0,0
1783691043.7580073,138.01236044,51.754635165,111.86350748528878,40.0,0,0,0
1783691043.8074849,138.01236044,51.754635165,111.86350748528878,40.0,0,0,0
1783691043.85785,138.01236044,51.754635165,111.86350748528878,40.0,0,0,0
1783691043.9075515,138.01236044,51.754635165,111.86350748528878,40.0,0,0,0
1783691043.9579365,138.01236044,51.754635165,111.86350748528878,40.0,0,0,0
1783691044.0075436,138.01236044,51.754635165,111.86350748528878,40.0,0,0,0
1783691044.0578802,138.01236044,51.754635165,111.86350748528878,40.0,0,0,0
1783691044.1078086,138.01236044,51.754635165,111.86350748528878,40.0,0,0,0
1783691044.1574662,138.01236044,51.754635165,111.86350748528878,40.0,0,0,0
1783691044.2076528,138.01236044,51.754635165,111.86350748528878,40.0,0,0,0
1783691044.257921,138.01236044,51.754635165,111.86350748528878,40.0,0,0,0
1783691044.3075333,138.01236044,51.754635165,111.86350748528878,40.0,0,0,0
1783691044.3574836,138.01236044,51.754635165,111.86350748528878,40.0,0,0,0
1783691044.407581,138.01236044,51.754635165,111.86350748528878,40.0,0,0,0
1783691044.45751,138.01236044,51.754635165,111.86350748528878,40.0,0,0,0
1783691044.5075507,138.01236044,51.754635165,111.86350748528878,40.0,0,0,0
